user,hash,eip7702_delegated_to,eip7702_code_hex,eip7702_error
0xb0e576daa1e295a938740cf64ddd65f07c6ba526,0xce495aee5c5d226ac6b537801112639316572639f3d924b566aacaf2a682222a,0x63c0c19a282a1b52b07dd5a65b58948a07dae32b,0xef010063c0c19a282a1b52b07dd5a65b58948a07dae32b,
0xa3328ebbb14b95ce760effd11d1914b905d97ac2,0xe8ef4e33ee73f58d5bbfd8ab3ad213c49f7227c81a964ff3a230cbe83e56f984,,0x,
0xd253c762864f15d9df55bf74f829310dc65f2fc2,0x6f343b4336a5fd9f93dcc6e3c3e994f0ac83dd6e3627d9307d84ad2a9988faf3,,0x,
0xa5241e8c55ee52a62f64625cd8095c56ac18b0d6,0xcad74c546467e14c26b94a52f8e5393ef6c3ab7c885db178ad8289bf8212ad12,,0x,
0xa3328ebbb14b95ce760effd11d1914b905d97ac2,0xe2effcb075525b4310f53dc6d3b2ba2b48e925b1e96b2edfe23761753f7053e9,,0x,
0x6ac1108461189f1569e1d4dedc9940a0395d3423,0xe80fbbb799aaa4db22ffbcf5c675a7fd4b00abc629a55ede09b3fbb3374a2037,,0x,
0x67ccc64e3fc774e65192c2fb52b4b605c55547ef,0xb1431a1e10c3585c784825aaf9e2838683360a43d3c48965e7b0b044ad5e6bdf,,0x,
0xba2931c48facccd321b92e76cd357ce5a4d64056,0x260b13c6d95ac407681654a6bf5380f838a94fcefdce4f860b344cffa511bbe5,,0x,
0xaadb1aec0364ce79e0478ad93cc650efba9b2cc3,0x5c09eb35afb1f716f3b7277b76426da60f8252f60d10cc91b82f99c3690da992,,0x,
0x349d6bfb2e0577233359e3734b1d67ef5b37c9d4,0x6e0928613a0627128ce6273fd3a75a58a69ce2f7b6d13907c59d4bfcf6b0f2ac,,0x,
0x39a19279864f0e73a429d12842ff29c0f9fa99aa,0xbfd5e24deed66e795177115fe9dfdee827a416053c719805c7c3b6df2d1ddab1,,0x,
0x6363cf9be022964b167fb6ade247428b1ac75dd1,0x3764a13c91cb70247003fabc1bf2f9fd5ecaf61ed73ef32d6f81c8ddc3473989,,0x,
0x7ef2a81c3214c40fcbb7dd8a5ab56599f2605f59,0x46f9714e5310ae8a3a499a29e1833d3221f19e59a982e69ffbed6427a438b8ee,0x63c0c19a282a1b52b07dd5a65b58948a07dae32b,0xef010063c0c19a282a1b52b07dd5a65b58948a07dae32b,
0x2409b99d8ae26be02f3ef1ca9b0c1d279eacd408,0x1ee0df299954e095e0a01e2829cbe1b8ecd31d30cedce0fa3d1646dd6095c968,,0x,
0x67ccc64e3fc774e65192c2fb52b4b605c55547ef,0x358ea8602fc37df495f260714f9a80fde818e243ec077597ed9b32b9adb57fee,,0x,
0x444e911b90b073e5acedbbb27a33cbe8d25df21a,0xcbc9509a46a6725c293d4087c8bb4794ded768ea05e031d345b6c0e0ab6b7570,,0x,
0x29f5dc169fa90c1d937493daa4172e15e0318c34,0xf3870f26a818afd6de12873160840bfa5fb3d3a7ef28c94124d0025956f0b5fc,,0x,
0xda06bd372f19d0317c0c12a47db751207e85e502,0x02f8f525c66e37311c6b6dfe41a5c1baab9fb2746967dfce45e439573c06db90,0xcc0c946eecf01a4bc76bc333ea74ceb04756f17b,0xef0100cc0c946eecf01a4bc76bc333ea74ceb04756f17b,
0x2f28c76ca4ddb2b7f09fc271148b66047424a8e7,0xf5ed53b06f7b5c9f8a0bbbe36b034cb079687e094994d27fa0da93ebc4f5f859,0x63c0c19a282a1b52b07dd5a65b58948a07dae32b,0xef010063c0c19a282a1b52b07dd5a65b58948a07dae32b,
0x3a25b60d35ec9c541d3c6c551b04c03c695c368f,0x2e5f7ccf0dc4dab81c789f081b20e80911eb71b3c37e13247149e5b1e50dca9e,0x000000009b1d0af20d8c6d0a44e162d11f9b8f00,0xef0100000000009b1d0af20d8c6d0a44e162d11f9b8f00,
0x61f28bd695654bacba0d2fe087fb608df50a11d4,0xd963a93f2a5e1ecf86223b237520a6496eb8dffc0cb8eebb488c01bf8e6798a9,0x63c0c19a282a1b52b07dd5a65b58948a07dae32b,0xef010063c0c19a282a1b52b07dd5a65b58948a07dae32b,
0xa3328ebbb14b95ce760effd11d1914b905d97ac2,0x9900d82e9907c79e2772c1f8f36c77368a5113801e2cee009105addf989df092,,0x,
0xbe4c673414e9582bcbcad6dd007fc9b405545abd,0x94e43705bafccc52f2aa369985e07b5d2d75f4642a604ccf0ed25b4beb2f700d,,0x,
0xf66cc8c1f732a408b8e41da8f7caae895a525138,0x1f66c12f914f13e1dc04fb528d53f0160872092d7876b92e3e1d6cf4a6d553e0,0x63c0c19a282a1b52b07dd5a65b58948a07dae32b,0xef010063c0c19a282a1b52b07dd5a65b58948a07dae32b,
0x8adb8986d9cd1d22395cb960029ac359b82b59d9,0xac24de9cad235fb4812249bfe912899e3597fda9b9e1e232ed210b19d4283e77,,0x,
0x4aaaafb69e90bd39214fd57d600bbdc96d565d84,0xaa0dafe3a9030f5271c87cee48b87ceb43fe7beb3a152b6998666a1c6f6aacfb,,0x,
0xa869a0542575f491e43f54779975bea60a046533,0x29161fbfb69930fb094614897fdf061419202dd37fb3865421322eb53a44f9ae,,0x,
0xd40dfe6d473eefc59dfaf7a50c9afcfae814e68e,0xad96e454d4e84505f3de14c39facdddb2ca3fe6af945fdfead1567caad152e1f,,0x,
0xf5c22c4d44e099f5bbfa78f426ac2032e23cb2b8,0x25b5d8aa5c95f85df5153bec2936015dfef0944778fe93f049a8afe0f24d10f8,0x63c0c19a282a1b52b07dd5a65b58948a07dae32b,0xef010063c0c19a282a1b52b07dd5a65b58948a07dae32b,
0x09627159800652e9bda1b84175d89714852ddc2e,0x2580f1cf433c65b47ef6e7f9390d8cfc1ed22e47a5da0c60361efc530208ecf6,,0x363d3d373d3d3d363d73f3eaf3c54f1ef887914b9c19e1ab9d3e581557eb5af43d82803e903d91602b57fd5bf3,
0x027c368a8e6720f501d99f78d2630e56ca0a6878,0x8981d9ab4db41e1feaf0098f63ba5685aa3a0ce4f936a8f00f6364743e3dd6de,,0x,
0x3215d92f7f2a9f135df283202bfb713c7cd572d5,0xfb4f642f31ac044aedd9b0c675aa4c87ef315336d8632d46684042e00f5c13e7,,0x,
0xa3a961f860808fb971ac854570f74a11384b6410,0x53adf5cd40a28d52286640dcc8c2c32158de0c7d7b8082791f389b34858cfa42,,0x,
0xba35076d27b373a45cb6087b65c34f61119459da,0xd4d2f98caf3f48f3f922d2d0d8d4bec3169212d2228b1757bb966921ed00c634,,0x,
0x0ee599e42affa99b42d1ce6db00810a3868165cb,0x4f3400822e5a9f3bc68e8941bfff6b1b78d215fc8585f17c07bdbb536c42a837,0x63c0c19a282a1b52b07dd5a65b58948a07dae32b,0xef010063c0c19a282a1b52b07dd5a65b58948a07dae32b,
0x3ae122383d2120b2dd87a08a486b2d82ca121fc1,0xdc03fdf12be39165cc2fd6e8701fa0367f582b0c22d0e2207fe381b9ea45a606,,0x,
0xa3a961f860808fb971ac854570f74a11384b6410,0x43c27460485716dd2c9611d022d808bed3011d02263382cb41332f21c74a2144,,0x,
0xb96fdb16044eee6b0cdb2bbbeab0d8ef62a15b3c,0xee9ce5140749a0d574014a8ce53280982cdb57a1a575c10b7a61b87316c30d8b,,0x,
0x027c368a8e6720f501d99f78d2630e56ca0a6878,0x6cba08e8a53fc834fbd5b935bf787ef897c184c8905faaef83bcf302c9d32227,,0x,
0x23ac0bf74defadc25ef1ee3724f9483745d9c039,0xa3c00c8eb58ffa6f0aadacf925aca2644d15bd6bd4c727a00fb3bf0d9aec60b3,,0x,
0x4ca850908e15156a99acf202bb8406e1425e6af8,0x242b869dd5ebe83eaa5fc9f8b25626063bf9427836034d41a63a2ba80d281c24,,0x,
0xbc41f7fdc1d13ad936d3b3f7032ebdad002f1390,0xb758d3f77efb55e79da1ee9ea12f7e6537b0db855db34c8080fb490ad8d40e01,,0x,
0x9ee32daad24503ed364fb079453d3048fef5ef40,0x007302fb3514304e06d42f666c5b69dd6b65fe5443b0c7022533e82486589442,,0x,
0xae39c4d80c447f69f5e125ccc84c02b223f9fda0,0x92aa618e4c5b7721cb3eb65872e0b4f32ae4c10b4f2541c87e520fffb6495113,,0x,
0x08ea5804927b508057c7361ece58b9604a79da28,0xbab6b06efa4256a627add13e90f37c42ada9c9d359333d59abc8b1bb1b79347f,,0x,
0x0db89b0c3b818b7e1f73f74e1ad05db0c7f2205c,0x95ab2318199db625817055d6d495808f30f30babc768ade69e6e1ed7ef7c9a46,,0x,
0x9d9de2cefbe4c0a8401d58ee41a332dea3de2c05,0x47dc4999c420d870674d4bf723569801ef2d933b899e3143796d4a3af19e12c1,,0x,
0x5a4dbcb6a544888aaf739d8e4431cf9d0ee81300,0xfb05864535c06924f3749ad84a9b1558ce60a40d85c42e53da46ab3ca513746f,0x63c0c19a282a1b52b07dd5a65b58948a07dae32b,0xef010063c0c19a282a1b52b07dd5a65b58948a07dae32b,
0x31ec0c0a37cbac27ea0c8d990774d7ec4fca4613,0x37cea9674d2a053cd584677bd68ebadc46bdfb099a137b3ad148e8c2211a8ad8,,0x,
0x6841c4426046a5451951369c208e0a05803097ec,0x0a6f072b0b17e60c4f9a3548f90b84593292f1b71ecd5ba5b53fab1cfce647b0,,0x,
0x50cd0f91947706dad8d0213b62a1d65a22bba4b9,0xab65e16183cd73499bd8e3f594ae13b6c3e53f66df26135a1c6de4cc1469d680,,0x,
0xd15b196458c6c6f1f3992ad98ef489819b69662c,0x7532b028acd59e0b326190d7907227583d4f28f46e27fa239901a0945b716d80,,0x,
0x17c7798db1ba19b10eafdd4a84c1a8ea894ebfd7,0xaa11e263c49a4f592c3befcb1ace269b77a219f596f826cd58d79aadf897935f,,0x,
0x6ef90685b1c66e3724598e3756a90e0352d366ee,0x1aed696d96c84b0ae16a857ef35458868ec5a9e796e2e995a46b95ffe78a12c2,,0x,
0x2409b99d8ae26be02f3ef1ca9b0c1d279eacd408,0xf186571f581c3dc7c908f9e1d59202d2fce08d1b715041a6db873efe62b3993d,,0x,
0xe51be4f48aad38a1bec40c3aaaabd130fe088ef6,0x01efc54bffbf6a8b36ec9ac281f374bee4c250529f17c2d6a18effe30fef3561,,0x,
0xf81532d25c14839b66bd8717783f672f70b34e2a,0x197c3f8628d3f195b8c5b900eca7427b9fd54b01b8d3f4414c737c3b1a5d2582,,0x,
0xa3328ebbb14b95ce760effd11d1914b905d97ac2,0xdc009079af3d89aae47bfa10b889f86e5833113ed857b932c4e66b7611bcc0ca,,0x,
0x33b41fe18d3a39046ad672f8a0c8c415454f629c,0x785fdb874daf0c1962f1f5db110c0cbbf04024e05a34651948ee889e197b71f4,,0x608060405273ffffffffffffffffffffffffffffffffffffffff337f0000000000000000000000003305184a01049d7c1e850c6be565bc447212e9768216036100c0575f357fffffffff00000000000000000000000000000000000000000000000000000000167f4f1ef28600000000000000000000000000000000000000000000000000000000146100b65760046040517fd2b576ec000000000000000000000000000000000000000000000000000000008152fd5b6100be6101b0565b005b5f80917f360894a13ba1a3210667c828492db98dca3e2076cc3735a920a3ca505d382bbc5416368280378136915af43d5f803e156100fc573d5ff35b3d5ffd5b7f4e487b71000000000000000000000000000000000000000000000000000000005f52604160045260245ffd5b907fffffffffffffffffffffffffffffffffffffffffffffffffffffffffffffffe0601f604051930116820182811067ffffffffffffffff82111761017157604052565b610100565b67ffffffffffffffff811161017157601f017fffffffffffffffffffffffffffffffffffffffffffffffffffffffffffffffe01660200190565b366004116102635760407ffffffffffffffffffffffffffffffffffffffffffffffffffffffffffffffffc3601126102635760043573ffffffffffffffffffffffffffffffffffffffff8116809103610263576024359067ffffffffffffffff821161026357366023830112156102635781600401359061023861023383610176565b61012d565b918083523660248286010111610263576020815f92602461026197018387013784010152610267565b565b5f80fd5b90813b156103395773ffffffffffffffffffffffffffffffffffffffff82167f360894a13ba1a3210667c828492db98dca3e2076cc3735a920a3ca505d382bbc817fffffffffffffffffffffffff00000000000000000000000000000000000000008254161790557fbc7cd75a20ee27fd9adebab32041f755214dbc6bffa90cc0225b39da2e5c2d3b5f80a28051156103065761030391610380565b50565b50503461030f57565b60046040517fb398979f000000000000000000000000000000000000000000000000000000008152fd5b60248273ffffffffffffffffffffffffffffffffffffffff604051917f4c9c8ce3000000000000000000000000000000000000000000000000000000008352166004820152fd5b5f806103b293602081519101845af43d156103b5573d916103a361023384610176565b9283523d5f602085013e6103b9565b90565b6060915b906103f857508051156103ce57805190602001fd5b60046040517fd6bda275000000000000000000000000000000000000000000000000000000008152fd5b81511580610450575b610409575090565b60249073ffffffffffffffffffffffffffffffffffffffff604051917f9996b315000000000000000000000000000000000000000000000000000000008352166004820152fd5b50803b1561040156fea26469706673582212209c7d45ec6c53b7895c5e3dcc5295a5e33ca50a3b90b82d24ac2010263cd36c0864736f6c63430008170033,
0x6ec8f2d8836734bde5898bb44f9f0d1a7661063e,0x12226e0fcc1805777a5a89789064f88eae538bfbff63e19fc6be979a3373c8f5,,0x,
0x32a572c72f5f638d459e00860639184cfde4928b,0x51ffdf4c3051d4b975b58047bbbc644489afa1341f1124da2ade120aed079f59,0x63c0c19a282a1b52b07dd5a65b58948a07dae32b,0xef010063c0c19a282a1b52b07dd5a65b58948a07dae32b,
0x94ef668fa3513358e08c2c7b96c4c2b78e746507,0x796f8ec23fa67f606deda5e39cac4e64621557ff5ca8a596518e4c14abb2f2c8,,0x,
0x93c2155945dcd70f777acdf54e46ce14bdf2fa41,0x0860804619a5f1297e154e1e9ed44b89dbec1a59747117d47ee1f9a3d7f391c5,0x63c0c19a282a1b52b07dd5a65b58948a07dae32b,0xef010063c0c19a282a1b52b07dd5a65b58948a07dae32b,
0x14d620e3daca0c5c2a6ada7986b2da78a5a04e3e,0xba1ae63be15ca969f04e5eff4723c50f2e1d629de4ec248174ea7ecfb09e0674,,0x,
0x3e8d3602c6817e0bf2e7d875229bc4e32cb02ddc,0xb9153cee4f9d6c7d5555a5c90062e7238902b94e5f5545cfc1d83510506adeaa,,0x,
0x8683c04fa7aeab4ec9e62a3804ae773ec6408ba5,0xe59d28458bddb903e8e287a65b64ff6ca801d8e179c5f509a578d836213a4c5d,,0x,
0xae1f5214a27d2d064f29933295256e01aa3b5129,0x4dafd4bd8af199257f7bb88f10399d3eb9cd83c1be2d4da5ea352920cd1b49e4,,0x,
0x2409b99d8ae26be02f3ef1ca9b0c1d279eacd408,0x2b6e846676821deb3cd214fc9fe1b1241c22bb1348b4b986d39b851901798623,,0x,
0xe1d4d74ce6c2863edb440a88727cd2eab9026060,0x60aae935c223373c6d73ef7afbd004334b210a212981b68eb56eeb7312316037,,0x,
0xd26c687ad977a3209fe7def00abcc898feab0071,0x295184dfcf84b7055f636248d93e8c9c5ee2d670a5edc5be0c4e6586766e276d,,0x,
0x027c368a8e6720f501d99f78d2630e56ca0a6878,0x743a246036f20f720eff367ae97637f9fb2707aabd1c0118ec0e4a81f7de2377,,0x,
0xd652f4a38575997029142a31d61728e3cc5813fe,0xcf1d3fc7b083151c55cbc16e00cdf145a0cf7c4ebe6ad8a28be0ae5e94003760,,0x,
0x5734e56b389f345fe32abc1a6c54d49152284f79,0x8f803d5ec5e580e47d392cfbfa2698bc99f542068474a2f153749ab3cb76a8c0,,0x,
0xda19a8a98c880955340281dc57469cd347ee3239,0x6a39ef922c44c87a7099472ca8ba45cb8193bd00f78fbd719eddd6274c66b06e,,0x,
0xa3a961f860808fb971ac854570f74a11384b6410,0xd9a6558b409f70e54b3f17a248bb19b23c80a1a07033289e89b21141a75f23c7,,0x,
0xe225a493f2eda7f4b24b0da2d783565d636e488f,0x1974a35f465f2881e9d6b7021c8726dc25ff2fe1faab3928d8417dce0657a376,,0x,
0x780fa048792f77d24b76f5d7efc5e2649ab6c48b,0x6eceacd9655a99e9a9d9feca17439912fe0b848ad194cd2e66a920d5ab78b4ef,,0x,
0x8863ab48547aae8613c659c1c9561197deb8b5a5,0xb8fa5417f93919b9942e4389f6666463729ee9fcd963f810b196160f8db3cefa,,0x,
0x03d48bd9310d40ab155775e51f032faf50883140,0x8aec73d5a23233e06bec0c78bee479bae6c9fa2c004a20fade835c3075f4a1ba,0x000000009b1d0af20d8c6d0a44e162d11f9b8f00,0xef0100000000009b1d0af20d8c6d0a44e162d11f9b8f00,
0xed4001998de7b4f60ecda68d9ccbcb5fb0491d12,0xc35c23d210e36316d50204cee1e07089117c881c1e4b9b27f463aa60542c9c83,,0x,
0x67ccc64e3fc774e65192c2fb52b4b605c55547ef,0x104b96cc26cea346843cc69713fce068e679d36fb01525330c086d9a41192e5b,,0x,
0xa3a961f860808fb971ac854570f74a11384b6410,0xf6bb796f644be9fb39309b7aeaba3fdaaab324983c59001d9e5a5340c41a9ac2,,0x,
0x14d620e3daca0c5c2a6ada7986b2da78a5a04e3e,0xed80dfcf3efcad787c5e5317deaef427abab881c610d52111bc778bd515fb75d,,0x,
0xe6a2f5c697ae82db2844846f0676f75563dc257c,0xd51baf5200a36b195143867d23d980b26093dfe3ce4e5b36b83e173a343a0e57,,0x,
0xdd1577cbde0a7439263ff5938d6344ea089a4847,0x70b70e3403ab67410b1bb6e4f5d6f3648759d3112bb2f72d622b14319b24646b,,0x,
0xeb3bd68dd2fdab86fa9819856eda00a044a403d3,0x1c7e4d3bfc66bf7260cfc382fc06d18355ec61e57ed518f2c4d9504371784962,,0x,
0x248e8db1efeccf64fbb9d0bbe1068f0af6844a67,0x700193c4b061a1b2e5bdd642e4d071f6991032810230795d253ad9092717aa6b,,0x,
0xa3328ebbb14b95ce760effd11d1914b905d97ac2,0xb0926f454d710453e7d0560a02e0837ffcea880c03edf22e475dbda301540ace,,0x,
0x03d48bd9310d40ab155775e51f032faf50883140,0x9c0e5cc7200e841c8fd947dcc4f3c9589d678a0b753b8b11c40329503f3a31bb,0x000000009b1d0af20d8c6d0a44e162d11f9b8f00,0xef0100000000009b1d0af20d8c6d0a44e162d11f9b8f00,
0x9d8e6a9d4c29f8878d4928123c081d464d0f3f57,0x46bcc86fe5042aa46ba0439f148e71de41c6d2d5e29f376cb54c6a38b85c30ab,,0x,
0x8adb8986d9cd1d22395cb960029ac359b82b59d9,0xd71692067fad4053a4a0525a30268b6abe104df0a5586df37a0708472ecaf2e4,,0x,
0x67ccc64e3fc774e65192c2fb52b4b605c55547ef,0x3854dec77256ea049ac21973f69dea47804c3666157fb154d8282d01c1d59391,,0x,
0xe19cdd901dc655ed938777464d71b8d4e5efa248,0x3e46b4981cc4ce7148cf151b93b2d20cdab25e742622ac387ca090cf572e658c,0xd2e28229f6f2c235e57de2ebc727025a1d0530fb,0xef0100d2e28229f6f2c235e57de2ebc727025a1d0530fb,
0xd652f4a38575997029142a31d61728e3cc5813fe,0x93b889448440377ce1e33902180ef4e600a1334b0dae5772d13b8b19ae56837a,,0x,
0xababd541b7c147b315bd90f9a36adcd6e4e7679c,0xa97a56f973ab07763af49810b11be5b981475512c771c771eead59654f24a489,,0x,
0xd2d9be0a979d4ff91117933eeadcb8a56ff3d61d,0x46883d3aa146af9ac715f5de8bb2843091b25ab6ad434d6c0ab282da4b4c2506,0xa845c74344fc9405b1fcf712f04668979573c1bf,0xef0100a845c74344fc9405b1fcf712f04668979573c1bf,
0xa3a961f860808fb971ac854570f74a11384b6410,0x5336c3fa96ada26852ccc929bf8ee73c0edc05944256ba5d3685b63fbd5e8457,,0x,
0x283904a64b3ce23f64ae447135e96ea2a23ee428,0xff0fcb2083f33c15c0f2ab766506e43fc93481c8051d48c7bfecd5e686d62490,,0x,
0x0eb6cba880f7630954bce19651ab7f4ea51c0fcf,0x48afb206c736fa5ae7c60e0bf172743472eff12a36273d3bc67de009f2d42cca,,0x,
0x6841c4426046a5451951369c208e0a05803097ec,0x7e65d39fa9aaebb0027214246ee479da747825cb30a3b269a959bb780d4b9dfb,,0x,
